episode,phase,scenario,status,delivered,dropped,hops,total_reward,control_overhead_ratio
1,train,low_load,delivered,1,0,2,0.48339634304458245,0.010752
2,train,medium_load,delivered,1,0,2,-0.1508574939307863,0.010752
3,train,hotspot_high_load,ttl_exceeded,0,1,12,-16.17995997482791,0.01064
4,train,frequent_break,no_valid_action,0,1,5,-5.664235291496145,0.010752
5,train,fault_links,delivered,1,0,6,-6.161417489828814,0.010752
6,train,low_load,delivered,1,0,6,-4.422735335989893,0.010752
7,train,medium_load,ttl_exceeded,0,1,12,-17.74185210635337,0.01064
8,train,hotspot_high_load,delivered,1,0,10,-8.249790693646249,0.0107296
9,train,frequent_break,no_valid_action,0,1,9,-10.775262442208605,0.010752
10,train,fault_links,no_valid_action,0,1,7,-9.35502168935278,0.010752
11,train,low_load,ttl_exceeded,0,1,12,-17.046683930225488,0.01064
12,train,medium_load,ttl_exceeded,0,1,12,-18.35383843002854,0.01064
13,train,hotspot_high_load,delivered,1,0,2,-0.2529593450254519,0.010752
14,train,frequent_break,ttl_exceeded,0,1,12,-17.152317649591453,0.01064
15,train,fault_links,delivered,1,0,2,-1.4707391819076576,0.010752
16,train,low_load,ttl_exceeded,0,1,12,-16.18845173281157,0.01064
17,train,medium_load,delivered,1,0,10,-8.942859542138933,0.0107296
18,train,hotspot_high_load,ttl_exceeded,0,1,12,-17.418450547430126,0.01064
19,train,frequent_break,no_valid_action,0,1,2,-1.5399937221724154,0.010752
20,train,fault_links,ttl_exceeded,0,1,12,-17.478290075840903,0.01064
21,train,low_load,ttl_exceeded,0,1,12,-17.793141312545178,0.01064
22,train,medium_load,delivered,1,0,2,0.48339634304458245,0.010752
23,train,hotspot_high_load,delivered,1,0,8,-7.375775994283921,0.010752
24,train,frequent_break,ttl_exceeded,0,1,12,-16.162419746800495,0.01064
25,train,fault_links,ttl_exceeded,0,1,12,-15.518578942807117,0.01064
26,train,low_load,ttl_exceeded,0,1,12,-17.899710546331093,0.01064
27,train,medium_load,ttl_exceeded,0,1,12,-15.829440043654486,0.01064
28,train,hotspot_high_load,delivered,1,0,6,-5.7380226932280225,0.010752
29,train,frequent_break,delivered,1,0,12,-10.208305357893362,0.01064
30,train,fault_links,delivered,1,0,1,0.6650760222723293,0.010752
31,train,low_load,ttl_exceeded,0,1,12,-18.704406088381518,0.01064
32,train,medium_load,delivered,1,0,12,-12.488806132280029,0.01064
33,train,hotspot_high_load,ttl_exceeded,0,1,12,-16.05353112398656,0.01064
34,train,frequent_break,delivered,1,0,2,-0.13337954194748258,0.010752
35,train,fault_links,ttl_exceeded,0,1,12,-14.844218134279387,0.01064
36,train,low_load,ttl_exceeded,0,1,12,-15.958864255477184,0.01064
37,train,medium_load,no_valid_action,0,1,7,-8.111318838920425,0.010752
38,train,hotspot_high_load,delivered,1,0,8,-6.7292875343030385,0.010752
39,train,frequent_break,delivered,1,0,1,0.565,0.010752
40,train,fault_links,no_valid_action,0,1,7,-8.919814446376034,0.010752
41,train,low_load,delivered,1,0,9,-9.228699596726633,0.010752
42,train,medium_load,ttl_exceeded,0,1,12,-16.96690216605781,0.01064
43,train,hotspot_high_load,ttl_exceeded,0,1,12,-18.81852529730913,0.01064
44,train,frequent_break,delivered,1,0,7,-5.708844166348481,0.010752
45,train,fault_links,delivered,1,0,7,-7.0396213957831835,0.010752
46,train,low_load,no_valid_action,0,1,9,-9.92123958179652,0.010752
47,train,medium_load,delivered,1,0,4,-3.5693718804540095,0.010752
48,train,hotspot_high_load,ttl_exceeded,0,1,12,-16.0994627532064,0.01064
49,train,frequent_break,delivered,1,0,1,1.3708711561140938,0.010752
50,train,fault_links,delivered,1,0,5,-4.441228343324875,0.010752
51,train,low_load,ttl_exceeded,0,1,12,-17.134928329624792,0.01064
52,train,medium_load,delivered,1,0,8,-7.086624120102693,0.010752
53,train,hotspot_high_load,ttl_exceeded,0,1,12,-19.035767675111984,0.01064
54,train,frequent_break,delivered,1,0,4,-2.0388897223147757,0.010752
55,train,fault_links,delivered,1,0,2,-0.2816067958692099,0.010752
56,train,low_load,ttl_exceeded,0,1,12,-16.486340487099184,0.01064
57,train,medium_load,delivered,1,0,1,0.565,0.010752
58,train,hotspot_high_load,ttl_exceeded,0,1,12,-16.188130851159563,0.01064
59,train,frequent_break,delivered,1,0,3,-1.5109770838532182,0.010752
60,train,fault_links,ttl_exceeded,0,1,12,-15.966018069507868,0.01064
61,train,low_load,delivered,1,0,3,-0.9955628468082893,0.010752
62,train,medium_load,delivered,1,0,6,-5.28482252193523,0.010752
63,train,hotspot_high_load,delivered,1,0,4,-2.0707989702028344,0.010752
64,train,frequent_break,no_valid_action,0,1,11,-13.39914999005872,0.010690909090909091
65,train,fault_links,delivered,1,0,1,0.6650760222723293,0.010752
66,train,low_load,ttl_exceeded,0,1,12,-15.777617390454266,0.01064
67,train,medium_load,delivered,1,0,5,-4.786895633166916,0.010752
68,train,hotspot_high_load,delivered,1,0,2,0.5446323287817596,0.010752
69,train,frequent_break,delivered,1,0,9,-7.584817608932003,0.010752
70,train,fault_links,delivered,1,0,10,-8.62954138746036,0.0107296
71,train,low_load,delivered,1,0,7,-6.83228766229094,0.010752
72,train,medium_load,ttl_exceeded,0,1,12,-16.773757191285146,0.01064
73,train,hotspot_high_load,delivered,1,0,7,-6.656989180829237,0.010752
74,train,frequent_break,no_valid_action,0,1,4,-5.050814242610995,0.010752
75,train,fault_links,ttl_exceeded,0,1,12,-17.507500594927976,0.01064
76,train,low_load,delivered,1,0,5,-2.6348816575825533,0.010752
77,train,medium_load,ttl_exceeded,0,1,12,-17.32963976851071,0.01064
78,train,hotspot_high_load,delivered,1,0,7,-5.457335003158239,0.010752
79,train,frequent_break,no_valid_action,0,1,6,-7.434141659975082,0.010752
80,train,fault_links,delivered,1,0,6,-5.114514027984366,0.010752
81,train,low_load,delivered,1,0,8,-7.184814109780044,0.010752
82,train,medium_load,ttl_exceeded,0,1,12,-15.808961938775512,0.01064
83,train,hotspot_high_load,ttl_exceeded,0,1,12,-14.92033350104256,0.01064
84,train,frequent_break,no_valid_action,0,1,10,-14.070952728774104,0.0107296
85,train,fault_links,delivered,1,0,6,-5.074449001630143,0.010752
86,train,low_load,no_valid_action,0,1,9,-11.016964909848507,0.010752
87,train,medium_load,delivered,1,0,2,0.5446323287817596,0.010752
88,train,hotspot_high_load,delivered,1,0,3,-0.40999058325862303,0.010752
89,train,frequent_break,no_valid_action,0,1,7,-7.4943562666910015,0.010752
90,train,fault_links,ttl_exceeded,0,1,12,-16.863381515365532,0.01064
91,train,low_load,delivered,1,0,4,-3.9057470566668244,0.010752
92,train,medium_load,delivered,1,0,10,-9.092871899668777,0.0107296
93,train,hotspot_high_load,ttl_exceeded,0,1,12,-16.973288824686943,0.01064
94,train,frequent_break,no_valid_action,0,1,11,-12.740061320462713,0.010690909090909091
95,train,fault_links,no_valid_action,0,1,9,-11.592683907964947,0.010752
96,train,low_load,delivered,1,0,10,-8.247849704101577,0.0107296
97,train,medium_load,delivered,1,0,3,-2.082655656313187,0.010752
98,train,hotspot_high_load,delivered,1,0,5,-2.7416377939591006,0.010752
99,train,frequent_break,no_valid_action,0,1,2,-2.3508574939307865,0.010752
100,train,fault_links,delivered,1,0,8,-6.69227401229973,0.010752
100,eval,low_load,ttl_exceeded,0,1,12,-14.953404733837985,0.01064
100,eval,medium_load,ttl_exceeded,0,1,12,-14.953404733837985,0.01064
100,eval,hotspot_high_load,ttl_exceeded,0,1,12,-14.953404733837985,0.01064
100,eval,frequent_break,delivered,1,0,5,-4.764493062846443,0.010752
100,eval,fault_links,ttl_exceeded,0,1,12,-14.949441478542447,0.01064
101,train,low_load,delivered,1,0,10,-10.522747814258121,0.0107296
102,train,medium_load,delivered,1,0,12,-9.857016577240678,0.01064
103,train,hotspot_high_load,delivered,1,0,5,-2.7881943157714923,0.010752
104,train,frequent_break,no_valid_action,0,1,0,0.0,0.0
105,train,fault_links,ttl_exceeded,0,1,12,-16.061838246655586,0.01064
106,train,low_load,delivered,1,0,4,-2.60638462568713,0.010752
107,train,medium_load,delivered,1,0,1,1.3708711561140938,0.010752
108,train,hotspot_high_load,ttl_exceeded,0,1,12,-17.71643399962989,0.01064
109,train,frequent_break,no_valid_action,0,1,5,-5.350148819949215,0.010752
110,train,fault_links,no_valid_action,0,1,6,-7.117796285228348,0.010752
111,train,low_load,delivered,1,0,6,-4.214575297959287,0.010752
112,train,medium_load,ttl_exceeded,0,1,12,-17.073288313015937,0.01064
113,train,hotspot_high_load,delivered,1,0,4,-3.028152395618302,0.010752
114,train,frequent_break,delivered,1,0,10,-8.611514081838905,0.0107296
115,train,fault_links,delivered,1,0,1,1.3708711561140938,0.010752
116,train,low_load,ttl_exceeded,0,1,12,-17.688562226661706,0.01064
117,train,medium_load,ttl_exceeded,0,1,12,-17.871154102295797,0.01064
118,train,hotspot_high_load,ttl_exceeded,0,1,12,-17.4901528561306,0.01064
119,train,frequent_break,delivered,1,0,7,-5.568681490923423,0.010752
120,train,fault_links,no_valid_action,0,1,11,-11.361045295761091,0.010690909090909091
121,train,low_load,delivered,1,0,1,0.8223459361568148,0.010752
122,train,medium_load,ttl_exceeded,0,1,12,-16.520889786913433,0.01064
123,train,hotspot_high_load,delivered,1,0,2,-0.11111013041890039,0.010752
124,train,frequent_break,no_valid_action,0,1,1,-0.7604308609287525,0.010752
125,train,fault_links,ttl_exceeded,0,1,12,-17.266129250231476,0.01064
126,train,low_load,delivered,1,0,12,-13.411705406732041,0.01064
127,train,medium_load,delivered,1,0,1,0.565,0.010752
128,train,hotspot_high_load,ttl_exceeded,0,1,12,-17.865193956650153,0.01064
129,train,frequent_break,delivered,1,0,8,-8.690887199824338,0.010752
130,train,fault_links,ttl_exceeded,0,1,12,-16.697068356121235,0.01064
131,train,low_load,delivered,1,0,3,-1.4996241312185865,0.010752
132,train,medium_load,ttl_exceeded,0,1,12,-17.714489575981233,0.01064
133,train,hotspot_high_load,delivered,1,0,4,-2.48574421016272,0.010752
134,train,frequent_break,no_valid_action,0,1,9,-10.835592040569997,0.010752
135,train,fault_links,no_valid_action,0,1,11,-11.942325603129147,0.010690909090909091
136,train,low_load,delivered,1,0,7,-7.048169335832437,0.010752
137,train,medium_load,delivered,1,0,5,-4.28919082726412,0.010752
138,train,hotspot_high_load,delivered,1,0,3,-1.2499292957684873,0.010752
139,train,frequent_break,delivered,1,0,3,-1.120854355016994,0.010752
140,train,fault_links,ttl_exceeded,0,1,12,-16.88823903350763,0.01064
141,train,low_load,delivered,1,0,2,0.4791382781424953,0.010752
142,train,medium_load,ttl_exceeded,0,1,12,-17.76289311503117,0.01064
143,train,hotspot_high_load,ttl_exceeded,0,1,12,-18.351356910630344,0.01064
144,train,frequent_break,no_valid_action,0,1,10,-11.921889530669288,0.0107296
145,train,fault_links,delivered,1,0,4,-2.568804413052181,0.010752
146,train,low_load,no_valid_action,0,1,11,-13.023472317723177,0.010690909090909091
147,train,medium_load,ttl_exceeded,0,1,12,-16.06185378611642,0.01064
148,train,hotspot_high_load,ttl_exceeded,0,1,12,-14.38000019908203,0.01064
149,train,frequent_break,no_valid_action,0,1,5,-6.451462834747723,0.010752
150,train,fault_links,delivered,1,0,2,-0.195354838656423,0.010752
151,train,low_load,delivered,1,0,5,-4.3879130286466745,0.010752
152,train,medium_load,delivered,1,0,2,-0.09728606535935791,0.010752
153,train,hotspot_high_load,no_valid_action,0,1,11,-12.268316457597928,0.010690909090909091
154,train,frequent_break,no_valid_action,0,1,7,-8.202417899566413,0.010752
155,train,fault_links,delivered,1,0,5,-4.696527634683088,0.010752
156,train,low_load,no_valid_action,0,1,10,-11.969157191774677,0.0107296
157,train,medium_load,ttl_exceeded,0,1,12,-17.024931107292083,0.01064
158,train,hotspot_high_load,ttl_exceeded,0,1,12,-16.419672926790327,0.01064
159,train,frequent_break,no_valid_action,0,1,11,-10.780368207217096,0.010690909090909091
160,train,fault_links,ttl_exceeded,0,1,12,-15.608726567615516,0.01064
161,train,low_load,delivered,1,0,4,-1.3799874443448306,0.010752
162,train,medium_load,delivered,1,0,11,-12.690386113154776,0.010690909090909091
163,train,hotspot_high_load,delivered,1,0,8,-7.504334056299906,0.010752
164,train,frequent_break,no_valid_action,0,1,3,-4.011273387970121,0.010752
165,train,fault_links,ttl_exceeded,0,1,12,-15.180692298178965,0.01064
166,train,low_load,delivered,1,0,3,-1.2041917362777825,0.010752
167,train,medium_load,ttl_exceeded,0,1,12,-17.98758961239992,0.01064
168,train,hotspot_high_load,delivered,1,0,5,-4.498628259572246,0.010752
169,train,frequent_break,delivered,1,0,10,-8.882955547174328,0.0107296
170,train,fault_links,ttl_exceeded,0,1,12,-15.839451139822785,0.01064
171,train,low_load,ttl_exceeded,0,1,12,-17.155877573376387,0.01064
172,train,medium_load,ttl_exceeded,0,1,12,-17.106262056045203,0.01064
173,train,hotspot_high_load,ttl_exceeded,0,1,12,-17.415014808860008,0.01064
174,train,frequent_break,delivered,1,0,8,-7.73432577830199,0.010752
175,train,fault_links,delivered,1,0,2,-0.2529593450254519,0.010752
176,train,low_load,delivered,1,0,12,-11.940196548685606,0.01064
177,train,medium_load,delivered,1,0,3,-1.9855659857220815,0.010752
178,train,hotspot_high_load,ttl_exceeded,0,1,12,-16.658753239850906,0.01064
179,train,frequent_break,no_valid_action,0,1,4,-5.189816683783658,0.010752
180,train,fault_links,delivered,1,0,3,-2.1698669534343176,0.010752
181,train,low_load,delivered,1,0,4,-2.5275304667518186,0.010752
182,train,medium_load,delivered,1,0,6,-5.0234008325064785,0.010752
183,train,hotspot_high_load,ttl_exceeded,0,1,12,-14.899071823064213,0.01064
184,train,frequent_break,delivered,1,0,3,-1.5517888975531453,0.010752
185,train,fault_links,ttl_exceeded,0,1,12,-17.32899263165415,0.01064
186,train,low_load,delivered,1,0,6,-4.698355813123581,0.010752
187,train,medium_load,delivered,1,0,6,-5.392059497823224,0.010752
188,train,hotspot_high_load,ttl_exceeded,0,1,12,-17.747330103448284,0.01064
189,train,frequent_break,delivered,1,0,7,-6.014900622435207,0.010752
190,train,fault_links,delivered,1,0,5,-4.312459038305447,0.010752
191,train,low_load,ttl_exceeded,0,1,12,-17.344145186533623,0.01064
192,train,medium_load,ttl_exceeded,0,1,12,-18.636346343213336,0.01064
193,train,hotspot_high_load,ttl_exceeded,0,1,12,-15.973692016868608,0.01064
194,train,frequent_break,delivered,1,0,1,0.565,0.010752
195,train,fault_links,delivered,1,0,12,-11.418669481438261,0.01064
196,train,low_load,delivered,1,0,9,-9.261817096840737,0.010752
197,train,medium_load,delivered,1,0,8,-7.943040979030495,0.010752
198,train,hotspot_high_load,ttl_exceeded,0,1,12,-17.45442308592514,0.01064
199,train,frequent_break,no_valid_action,0,1,2,-2.116977645263299,0.010752
200,train,fault_links,delivered,1,0,9,-8.203300113261319,0.010752
200,eval,low_load,delivered,1,0,3,-1.0965409913476527,0.010752
200,eval,medium_load,delivered,1,0,3,-1.0965409913476527,0.010752
200,eval,hotspot_high_load,delivered,1,0,3,-1.0965409913476527,0.010752
200,eval,frequent_break,delivered,1,0,3,-1.0965409913476527,0.010752
200,eval,fault_links,delivered,1,0,3,-1.0965409913476527,0.010752
201,train,low_load,ttl_exceeded,0,1,12,-16.725601084517763,0.01064
202,train,medium_load,ttl_exceeded,0,1,12,-18.654837073186027,0.01064
203,train,hotspot_high_load,ttl_exceeded,0,1,12,-16.58230309260845,0.01064
204,train,frequent_break,ttl_exceeded,0,1,12,-18.47254522875363,0.01064
205,train,fault_links,no_valid_action,0,1,7,-8.538136451426903,0.010752
206,train,low_load,delivered,1,0,4,-3.243900619115728,0.010752
207,train,medium_load,ttl_exceeded,0,1,12,-17.522745530321494,0.01064
208,train,hotspot_high_load,delivered,1,0,1,1.3533932041307901,0.010752
209,train,frequent_break,no_valid_action,0,1,11,-11.695476214228265,0.010690909090909091
210,train,fault_links,delivered,1,0,6,-4.278558872916259,0.010752
211,train,low_load,ttl_exceeded,0,1,12,-17.63868295311783,0.01064
212,train,medium_load,delivered,1,0,10,-8.609871720745716,0.0107296
213,train,hotspot_high_load,delivered,1,0,6,-4.326637793959099,0.010752
214,train,frequent_break,no_valid_action,0,1,6,-6.842853157849218,0.010752
215,train,fault_links,delivered,1,0,4,-1.9782065973281746,0.010752
216,train,low_load,delivered,1,0,4,-3.0007389886151223,0.010752
217,train,medium_load,delivered,1,0,6,-5.5438517442363775,0.010752
218,train,hotspot_high_load,ttl_exceeded,0,1,12,-16.61779179297214,0.01064
219,train,frequent_break,no_valid_action,0,1,4,-5.795559193865494,0.010752
220,train,fault_links,ttl_exceeded,0,1,12,-17.130002677840476,0.01064
221,train,low_load,delivered,1,0,2,-0.9412765268839127,0.010752
222,train,medium_load,ttl_exceeded,0,1,12,-16.11760351156059,0.01064
223,train,hotspot_high_load,ttl_exceeded,0,1,12,-16.85458953925332,0.01064
224,train,frequent_break,delivered,1,0,10,-8.992221089492928,0.0107296
225,train,fault_links,delivered,1,0,11,-10.152338401463465,0.010690909090909091
226,train,low_load,ttl_exceeded,0,1,12,-16.780958808940348,0.01064
227,train,medium_load,ttl_exceeded,0,1,12,-17.62299322729873,0.01064
228,train,hotspot_high_load,ttl_exceeded,0,1,12,-16.236923793302353,0.01064
229,train,frequent_break,no_valid_action,0,1,5,-5.829102531299084,0.010752
230,train,fault_links,delivered,1,0,3,-1.5517888975531453,0.010752
231,train,low_load,ttl_exceeded,0,1,12,-16.465043047170013,0.01064
232,train,medium_load,ttl_exceeded,0,1,12,-17.258596297674558,0.01064
233,train,hotspot_high_load,delivered,1,0,9,-8.90420579861512,0.010752
234,train,frequent_break,delivered,1,0,3,-1.5109770838532182,0.010752
235,train,fault_links,delivered,1,0,11,-10.43090474796768,0.010690909090909091
236,train,low_load,ttl_exceeded,0,1,12,-16.561199080241032,0.01064
237,train,medium_load,delivered,1,0,1,0.6650760222723293,0.010752
238,train,hotspot_high_load,ttl_exceeded,0,1,12,-16.183205125649202,0.01064
239,train,frequent_break,no_valid_action,0,1,7,-7.135858191378064,0.010752
240,train,fault_links,ttl_exceeded,0,1,12,-17.700298673483605,0.01064
241,train,low_load,ttl_exceeded,0,1,12,-16.746973935820222,0.01064
242,train,medium_load,ttl_exceeded,0,1,12,-17.14877976623375,0.01064
243,train,hotspot_high_load,delivered,1,0,10,-11.90755987406991,0.0107296
244,train,frequent_break,no_valid_action,0,1,3,-3.0642043078279935,0.010752
245,train,fault_links,delivered,1,0,2,-0.2354813930421482,0.010752
246,train,low_load,ttl_exceeded,0,1,12,-15.661164697093513,0.01064
247,train,medium_load,ttl_exceeded,0,1,12,-15.752308598309764,0.01064
248,train,hotspot_high_load,delivered,1,0,7,-5.724577968870289,0.010752
249,train,frequent_break,delivered,1,0,1,1.3708711561140938,0.010752
250,train,fault_links,ttl_exceeded,0,1,12,-17.620977208550393,0.01064
251,train,low_load,delivered,1,0,5,-3.549052533610046,0.010752
252,train,medium_load,delivered,1,0,8,-7.464021140212834,0.010752
253,train,hotspot_high_load,delivered,1,0,11,-10.78212122656387,0.010690909090909091
254,train,frequent_break,delivered,1,0,6,-5.814923689724139,0.010752
255,train,fault_links,ttl_exceeded,0,1,12,-17.61468243608691,0.01064
256,train,low_load,ttl_exceeded,0,1,12,-16.768521423906822,0.01064
257,train,medium_load,delivered,1,0,4,-2.8485124667876347,0.010752
258,train,hotspot_high_load,ttl_exceeded,0,1,12,-16.98002779615874,0.01064
259,train,frequent_break,ttl_exceeded,0,1,12,-16.34182396212133,0.01064
260,train,fault_links,ttl_exceeded,0,1,12,-16.457175629209058,0.01064
261,train,low_load,delivered,1,0,4,-1.9957410712489279,0.010752
262,train,medium_load,delivered,1,0,8,-6.409949500859183,0.010752
263,train,hotspot_high_load,delivered,1,0,12,-11.721802155323566,0.01064
264,train,frequent_break,no_valid_action,0,1,10,-10.327793343822089,0.0107296
265,train,fault_links,delivered,1,0,4,-1.9295250239024713,0.010752
266,train,low_load,ttl_exceeded,0,1,12,-16.989562537282147,0.01064
267,train,medium_load,delivered,1,0,7,-6.282893934969556,0.010752
268,train,hotspot_high_load,delivered,1,0,3,-1.6840022895001807,0.010752
269,train,frequent_break,delivered,1,0,8,-6.324906460586781,0.010752
270,train,fault_links,ttl_exceeded,0,1,12,-16.499929829059393,0.01064
271,train,low_load,delivered,1,0,5,-3.285212361444321,0.010752
272,train,medium_load,delivered,1,0,3,-1.4669716554392447,0.010752
273,train,hotspot_high_load,delivered,1,0,7,-5.4787703115300745,0.010752
274,train,frequent_break,delivered,1,0,9,-9.757720201610985,0.010752
275,train,fault_links,delivered,1,0,12,-12.844306771342152,0.01064
276,train,low_load,ttl_exceeded,0,1,12,-15.340001452023255,0.01064
277,train,medium_load,delivered,1,0,10,-9.664943318604127,0.0107296
278,train,hotspot_high_load,delivered,1,0,6,-4.3102374456158685,0.010752
279,train,frequent_break,no_valid_action,0,1,11,-12.395549459781273,0.010690909090909091
280,train,fault_links,delivered,1,0,2,0.46000627782758463,0.010752
281,train,low_load,ttl_exceeded,0,1,12,-14.366793184160821,0.01064
282,train,medium_load,delivered,1,0,4,-1.814081771422772,0.010752
283,train,hotspot_high_load,delivered,1,0,8,-7.069746347990418,0.010752
284,train,frequent_break,no_valid_action,0,1,5,-6.916785488312641,0.010752
285,train,fault_links,delivered,1,0,7,-4.711539603395922,0.010752
286,train,low_load,delivered,1,0,9,-7.3669069623312655,0.010752
287,train,medium_load,ttl_exceeded,0,1,12,-17.049259352322935,0.01064
288,train,hotspot_high_load,delivered,1,0,6,-4.355058271798338,0.010752
289,train,frequent_break,delivered,1,0,5,-3.3813099034751137,0.010752
290,train,fault_links,delivered,1,0,11,-10.925927079675747,0.010690909090909091
291,train,low_load,delivered,1,0,7,-6.995556972459095,0.010752
292,train,medium_load,no_valid_action,0,1,11,-11.501740799666988,0.010690909090909091
293,train,hotspot_high_load,delivered,1,0,4,-3.5693718804540095,0.010752
294,train,frequent_break,delivered,1,0,3,-1.0346784200765362,0.010752
295,train,fault_links,delivered,1,0,10,-9.832239468483634,0.0107296
296,train,low_load,ttl_exceeded,0,1,12,-16.564006491344987,0.01064
297,train,medium_load,delivered,1,0,4,-2.7247989846382077,0.010752
298,train,hotspot_high_load,delivered,1,0,6,-4.829533091954172,0.010752
299,train,frequent_break,delivered,1,0,5,-4.116360465535461,0.010752
300,train,fault_links,ttl_exceeded,0,1,12,-16.373221117149022,0.01064
300,eval,low_load,delivered,1,0,2,0.5417423122281877,0.010752
300,eval,medium_load,delivered,1,0,1,0.6650760222723293,0.010752
300,eval,hotspot_high_load,delivered,1,0,1,0.6650760222723293,0.010752
300,eval,frequent_break,delivered,1,0,3,-1.1959122539709006,0.010752
300,eval,fault_links,delivered,1,0,1,0.6650760222723293,0.010752
301,train,low_load,delivered,1,0,5,-4.5077760288091095,0.010752
302,train,medium_load,delivered,1,0,10,-9.069700078031236,0.0107296
303,train,hotspot_high_load,delivered,1,0,6,-5.716228449708973,0.010752
304,train,frequent_break,no_valid_action,0,1,5,-7.271977645263299,0.010752
305,train,fault_links,ttl_exceeded,0,1,12,-16.297376527843817,0.01064
306,train,low_load,delivered,1,0,3,-1.4811259816201097,0.010752
307,train,medium_load,delivered,1,0,1,0.6650760222723293,0.010752
308,train,hotspot_high_load,delivered,1,0,8,-8.479374456709436,0.010752
309,train,frequent_break,no_valid_action,0,1,11,-13.68833740788338,0.010690909090909091
310,train,fault_links,delivered,1,0,3,-1.0359243874652697,0.010752
311,train,low_load,delivered,1,0,5,-3.4122952224239844,0.010752
312,train,medium_load,delivered,1,0,12,-11.066250354250798,0.01064
313,train,hotspot_high_load,ttl_exceeded,0,1,12,-16.96741787281413,0.01064
314,train,frequent_break,no_valid_action,0,1,4,-6.005747056666825,0.010752
315,train,fault_links,delivered,1,0,2,-0.2812392653881757,0.010752
316,train,low_load,delivered,1,0,2,0.5067864082615803,0.010752
317,train,medium_load,delivered,1,0,3,-1.364757078906755,0.010752
318,train,hotspot_high_load,delivered,1,0,2,-0.7840066129994272,0.010752
319,train,frequent_break,ttl_exceeded,0,1,12,-16.424723054267822,0.01064
320,train,fault_links,delivered,1,0,9,-7.6356107726284215,0.010752
321,train,low_load,delivered,1,0,1,0.4903695909538286,0.010752
322,train,medium_load,ttl_exceeded,0,1,12,-16.32938534425108,0.01064
323,train,hotspot_high_load,delivered,1,0,6,-4.956115165940906,0.010752
324,train,frequent_break,no_valid_action,0,1,6,-7.333212587152229,0.010752
325,train,fault_links,delivered,1,0,5,-4.398565150743844,0.010752
326,train,low_load,ttl_exceeded,0,1,12,-15.782671664983315,0.01064
327,train,medium_load,ttl_exceeded,0,1,12,-16.858724691120152,0.01064
328,train,hotspot_high_load,ttl_exceeded,0,1,12,-14.910129609623096,0.01064
329,train,frequent_break,delivered,1,0,7,-7.0635096773004395,0.010752
330,train,fault_links,no_valid_action,0,1,10,-11.816763777979963,0.0107296
331,train,low_load,delivered,1,0,3,-1.2384208833076253,0.010752
332,train,medium_load,ttl_exceeded,0,1,12,-17.71928382001521,0.01064
333,train,hotspot_high_load,delivered,1,0,6,-4.589657009782009,0.010752
334,train,frequent_break,ttl_exceeded,0,1,12,-14.421390299727541,0.01064
335,train,fault_links,delivered,1,0,1,1.3533932041307901,0.010752
336,train,low_load,delivered,1,0,8,-5.6989493334354835,0.010752
337,train,medium_load,delivered,1,0,5,-3.501420048329387,0.010752
338,train,hotspot_high_load,delivered,1,0,10,-8.797349849773257,0.0107296
339,train,frequent_break,delivered,1,0,10,-10.219394404744452,0.0107296
340,train,fault_links,delivered,1,0,8,-6.764406914279256,0.010752
341,train,low_load,ttl_exceeded,0,1,12,-16.571988568679902,0.01064
342,train,medium_load,delivered,1,0,1,1.3533932041307901,0.010752
343,train,hotspot_high_load,delivered,1,0,10,-10.316783864051175,0.0107296
344,train,frequent_break,no_valid_action,0,1,2,-2.221867500409025,0.010752
345,train,fault_links,delivered,1,0,10,-8.2029530115412,0.0107296
346,train,low_load,ttl_exceeded,0,1,12,-14.961929403977194,0.01064
347,train,medium_load,ttl_exceeded,0,1,12,-16.41254369390491,0.01064
348,train,hotspot_high_load,delivered,1,0,9,-8.73052365486786,0.010752
349,train,frequent_break,delivered,1,0,6,-5.837023853877447,0.010752
350,train,fault_links,ttl_exceeded,0,1,12,-17.04240338368864,0.01064
351,train,low_load,ttl_exceeded,0,1,12,-17.64485571252294,0.01064
352,train,medium_load,delivered,1,0,11,-10.161062391735282,0.010690909090909091
353,train,hotspot_high_load,no_valid_action,0,1,10,-12.187734033067882,0.0107296
354,train,frequent_break,no_valid_action,0,1,9,-11.982106994824587,0.010752
355,train,fault_links,ttl_exceeded,0,1,12,-17.41377092923522,0.01064
356,train,low_load,delivered,1,0,1,1.3533932041307901,0.010752
357,train,medium_load,ttl_exceeded,0,1,12,-15.760597547049827,0.01064
358,train,hotspot_high_load,no_valid_action,0,1,11,-14.216523314602853,0.010690909090909091
359,train,frequent_break,no_valid_action,0,1,5,-5.794012421204048,0.010752
360,train,fault_links,delivered,1,0,6,-5.9044455419798805,0.010752
361,train,low_load,ttl_exceeded,0,1,12,-16.745623275001492,0.01064
362,train,medium_load,delivered,1,0,5,-4.007602050050043,0.010752
363,train,hotspot_high_load,delivered,1,0,6,-5.104452410870646,0.010752
364,train,frequent_break,no_valid_action,0,1,2,-2.220676130576356,0.010752
365,train,fault_links,delivered,1,0,5,-2.308307740276766,0.010752
366,train,low_load,delivered,1,0,8,-6.497789968138706,0.010752
367,train,medium_load,ttl_exceeded,0,1,12,-16.41307664583952,0.01064
368,train,hotspot_high_load,ttl_exceeded,0,1,12,-17.71220576271488,0.01064
369,train,frequent_break,no_valid_action,0,1,3,-2.524660148695801,0.010752
370,train,fault_links,delivered,1,0,5,-3.807433486131106,0.010752
371,train,low_load,delivered,1,0,12,-9.642588553976188,0.01064
372,train,medium_load,delivered,1,0,2,-0.2354813930421482,0.010752
373,train,hotspot_high_load,ttl_exceeded,0,1,12,-15.855709752376892,0.01064
374,train,frequent_break,no_valid_action,0,1,3,-3.063584441132509,0.010752
375,train,fault_links,delivered,1,0,10,-11.395054231974498,0.0107296
376,train,low_load,delivered,1,0,10,-8.275019481613665,0.0107296
377,train,medium_load,ttl_exceeded,0,1,12,-18.109414605844986,0.01064
378,train,hotspot_high_load,ttl_exceeded,0,1,12,-16.852603981848034,0.01064
379,train,frequent_break,no_valid_action,0,1,6,-6.143222748803048,0.010752
380,train,fault_links,ttl_exceeded,0,1,12,-16.97840720487651,0.01064
381,train,low_load,delivered,1,0,8,-6.517225038303227,0.010752
382,train,medium_load,ttl_exceeded,0,1,12,-16.182716307648466,0.01064
383,train,hotspot_high_load,delivered,1,0,9,-9.100139174081027,0.010752
384,train,frequent_break,delivered,1,0,1,1.3708711561140938,0.010752
385,train,fault_links,ttl_exceeded,0,1,12,-16.494386386981585,0.01064
386,train,low_load,delivered,1,0,2,-0.2354813930421482,0.010752
387,train,medium_load,delivered,1,0,8,-7.294653051320471,0.010752
388,train,hotspot_high_load,ttl_exceeded,0,1,12,-15.47370901547324,0.01064
389,train,frequent_break,delivered,1,0,2,-0.4069763868230387,0.010752
390,train,fault_links,ttl_exceeded,0,1,12,-16.711331076640345,0.01064
391,train,low_load,ttl_exceeded,0,1,12,-17.199341002592845,0.01064
392,train,medium_load,delivered,1,0,8,-7.597151237437298,0.010752
393,train,hotspot_high_load,delivered,1,0,7,-5.490967199109046,0.010752
394,train,frequent_break,delivered,1,0,6,-4.881241964625956,0.010752
395,train,fault_links,no_valid_action,0,1,4,-5.256281844924731,0.010752
396,train,low_load,delivered,1,0,5,-2.2810500780020098,0.010752
397,train,medium_load,delivered,1,0,6,-4.953479014368757,0.010752
398,train,hotspot_high_load,delivered,1,0,12,-10.934225586187948,0.01064
399,train,frequent_break,delivered,1,0,3,-0.9176477860156003,0.010752
400,train,fault_links,delivered,1,0,2,-0.12067613057635573,0.010752
400,eval,low_load,delivered,1,0,3,-2.01660679586921,0.010752
400,eval,medium_load,delivered,1,0,2,-0.2816067958692099,0.010752
400,eval,hotspot_high_load,delivered,1,0,2,-0.2816067958692099,0.010752
400,eval,frequent_break,delivered,1,0,2,-0.2816067958692099,0.010752
400,eval,fault_links,delivered,1,0,2,-0.2816067958692099,0.010752
401,train,low_load,delivered,1,0,4,-3.065232984480752,0.010752
402,train,medium_load,delivered,1,0,9,-8.906297511924166,0.010752
403,train,hotspot_high_load,ttl_exceeded,0,1,12,-17.37729233256934,0.01064
404,train,frequent_break,no_valid_action,0,1,2,-3.27,0.010752
405,train,fault_links,delivered,1,0,10,-10.96125896812297,0.0107296
406,train,low_load,delivered,1,0,3,-0.9408142426109951,0.010752
407,train,medium_load,ttl_exceeded,0,1,12,-16.13539891451747,0.01064
408,train,hotspot_high_load,ttl_exceeded,0,1,12,-15.203881945738264,0.01064
409,train,frequent_break,no_valid_action,0,1,8,-9.762907619313875,0.010752
410,train,fault_links,delivered,1,0,6,-3.800169506766709,0.010752
411,train,low_load,ttl_exceeded,0,1,12,-17.363540141636346,0.01064
412,train,medium_load,ttl_exceeded,0,1,12,-16.161155139184192,0.01064
413,train,hotspot_high_load,delivered,1,0,2,0.4791382781424953,0.010752
414,train,frequent_break,delivered,1,0,4,-1.7667510777271656,0.010752
415,train,fault_links,ttl_exceeded,0,1,12,-15.923519942227077,0.01064
416,train,low_load,ttl_exceeded,0,1,12,-17.060581353954902,0.01064
417,train,medium_load,delivered,1,0,8,-7.50444819959761,0.010752
418,train,hotspot_high_load,ttl_exceeded,0,1,12,-17.66463861705158,0.01064
419,train,frequent_break,no_valid_action,0,1,7,-8.195620977869421,0.010752
420,train,fault_links,ttl_exceeded,0,1,12,-15.780417382609748,0.01064
421,train,low_load,delivered,1,0,3,-1.4725467698991725,0.010752
422,train,medium_load,delivered,1,0,12,-10.947131547950104,0.01064
423,train,hotspot_high_load,delivered,1,0,6,-4.206082035878668,0.010752
424,train,frequent_break,no_valid_action,0,1,3,-3.3103681092740818,0.010752
425,train,fault_links,ttl_exceeded,0,1,12,-17.0831524617172,0.01064
426,train,low_load,delivered,1,0,8,-7.856448852956412,0.010752
427,train,medium_load,delivered,1,0,3,-0.9176477860156003,0.010752
428,train,hotspot_high_load,ttl_exceeded,0,1,12,-16.52948188146097,0.01064
429,train,frequent_break,no_valid_action,0,1,6,-8.542956279966466,0.010752
430,train,fault_links,delivered,1,0,1,0.6650760222723293,0.010752
431,train,low_load,ttl_exceeded,0,1,12,-17.280889396706215,0.01064
432,train,medium_load,ttl_exceeded,0,1,12,-15.956805925138369,0.01064
433,train,hotspot_high_load,delivered,1,0,9,-8.433440389761605,0.010752
434,train,frequent_break,no_valid_action,0,1,3,-3.699757581262658,0.010752
435,train,fault_links,delivered,1,0,8,-7.850149868443262,0.010752
436,train,low_load,delivered,1,0,11,-10.596729387439886,0.010690909090909091
437,train,medium_load,delivered,1,0,5,-3.549052533610046,0.010752
438,train,hotspot_high_load,ttl_exceeded,0,1,12,-17.508048163440783,0.01064
439,train,frequent_break,ttl_exceeded,0,1,12,-17.277357970079724,0.01064
440,train,fault_links,delivered,1,0,2,-0.2529593450254519,0.010752
441,train,low_load,delivered,1,0,4,-2.7547552621362525,0.010752
442,train,medium_load,no_valid_action,0,1,11,-13.2007362785201,0.010690909090909091
443,train,hotspot_high_load,ttl_exceeded,0,1,12,-17.02468661988458,0.01064
444,train,frequent_break,no_valid_action,0,1,8,-9.019346253641364,0.010752
445,train,fault_links,delivered,1,0,5,-3.276307322891563,0.010752
446,train,low_load,delivered,1,0,4,-2.4096601486958003,0.010752
447,train,medium_load,ttl_exceeded,0,1,12,-17.916580351652556,0.01064
448,train,hotspot_high_load,ttl_exceeded,0,1,12,-17.96634191667097,0.01064
449,train,frequent_break,ttl_exceeded,0,1,12,-18.31273619777317,0.01064
450,train,fault_links,delivered,1,0,9,-8.9762386457129,0.010752
451,train,low_load,ttl_exceeded,0,1,12,-17.36844267942034,0.01064
452,train,medium_load,ttl_exceeded,0,1,12,-16.463022888095054,0.01064
453,train,hotspot_high_load,delivered,1,0,8,-8.069633149904005,0.010752
454,train,frequent_break,delivered,1,0,3,-1.6424116451058435,0.010752
455,train,fault_links,delivered,1,0,6,-5.621490373187351,0.010752
456,train,low_load,delivered,1,0,12,-11.865690688407089,0.01064
457,train,medium_load,delivered,1,0,1,0.565,0.010752
458,train,hotspot_high_load,delivered,1,0,10,-9.017392059628182,0.0107296
459,train,frequent_break,no_valid_action,0,1,5,-5.690748438089438,0.010752
460,train,fault_links,ttl_exceeded,0,1,12,-15.8259478130153,0.01064
461,train,low_load,ttl_exceeded,0,1,12,-17.69751912172479,0.01064
462,train,medium_load,delivered,1,0,9,-7.632210312033209,0.010752
463,train,hotspot_high_load,delivered,1,0,8,-6.604310449919491,0.010752
464,train,frequent_break,delivered,1,0,7,-5.608874127789614,0.010752
465,train,fault_links,delivered,1,0,1,0.565,0.010752
466,train,low_load,delivered,1,0,12,-12.791778420962293,0.01064
467,train,medium_load,delivered,1,0,5,-3.3864143509150213,0.010752
468,train,hotspot_high_load,delivered,1,0,2,-0.16468155899032877,0.010752
469,train,frequent_break,delivered,1,0,2,-0.13337954194748258,0.010752
470,train,fault_links,ttl_exceeded,0,1,12,-16.83230568648527,0.01064
471,train,low_load,ttl_exceeded,0,1,12,-14.961379559954045,0.01064
472,train,medium_load,delivered,1,0,9,-7.747363450611532,0.010752
473,train,hotspot_high_load,ttl_exceeded,0,1,12,-15.878650858016723,0.01064
474,train,frequent_break,ttl_exceeded,0,1,12,-16.376668761619086,0.01064
475,train,fault_links,delivered,1,0,3,-1.0965409913476527,0.010752
476,train,low_load,ttl_exceeded,0,1,12,-17.015990289499104,0.01064
477,train,medium_load,delivered,1,0,11,-10.11566601234443,0.010690909090909091
478,train,hotspot_high_load,no_valid_action,0,1,9,-10.910096250116375,0.010752
479,train,frequent_break,no_valid_action,0,1,7,-7.846662908077598,0.010752
480,train,fault_links,delivered,1,0,9,-9.531239187570502,0.010752
481,train,low_load,no_valid_action,0,1,11,-14.162626385051476,0.010690909090909091
482,train,medium_load,delivered,1,0,6,-4.364455708036857,0.010752
483,train,hotspot_high_load,ttl_exceeded,0,1,12,-16.43323490936043,0.01064
484,train,frequent_break,ttl_exceeded,0,1,12,-16.843351064670607,0.01064
485,train,fault_links,delivered,1,0,9,-8.262797799880673,0.010752
486,train,low_load,delivered,1,0,6,-5.146120782233522,0.010752
487,train,medium_load,ttl_exceeded,0,1,12,-16.637197968184065,0.01064
488,train,hotspot_high_load,ttl_exceeded,0,1,12,-18.322618731636446,0.01064
489,train,frequent_break,delivered,1,0,2,-0.2529593450254519,0.010752
490,train,fault_links,ttl_exceeded,0,1,12,-16.43264118116207,0.01064
491,train,low_load,delivered,1,0,7,-5.913712198223797,0.010752
492,train,medium_load,delivered,1,0,5,-4.041177917595576,0.010752
493,train,hotspot_high_load,delivered,1,0,8,-5.512649879460974,0.010752
494,train,frequent_break,no_valid_action,0,1,7,-7.847774554993339,0.010752
495,train,fault_links,ttl_exceeded,0,1,12,-15.99765133461278,0.01064
496,train,low_load,ttl_exceeded,0,1,12,-17.47353510155444,0.01064
497,train,medium_load,delivered,1,0,4,-1.7867892482365662,0.010752
498,train,hotspot_high_load,delivered,1,0,10,-10.126968189499506,0.0107296
499,train,frequent_break,no_valid_action,0,1,1,-0.6604308609287524,0.010752
500,train,fault_links,delivered,1,0,2,-0.596974794353037,0.010752
500,eval,low_load,delivered,1,0,2,-0.7840066129994272,0.010752
500,eval,medium_load,delivered,1,0,2,-0.7840066129994272,0.010752
500,eval,hotspot_high_load,delivered,1,0,2,-0.7840066129994272,0.010752
500,eval,frequent_break,delivered,1,0,2,-0.7549299675517245,0.010752
500,eval,fault_links,delivered,1,0,4,-2.4746442974945912,0.010752
501,train,low_load,ttl_exceeded,0,1,12,-18.25432462433386,0.01064
502,train,medium_load,ttl_exceeded,0,1,12,-17.966947668337568,0.01064
503,train,hotspot_high_load,delivered,1,0,7,-5.294646816733109,0.010752
504,train,frequent_break,ttl_exceeded,0,1,12,-18.129679076596375,0.01064
505,train,fault_links,delivered,1,0,4,-1.8877725974856292,0.010752
506,train,low_load,delivered,1,0,5,-4.371669324284394,0.010752
507,train,medium_load,ttl_exceeded,0,1,12,-16.76991208998151,0.01064
508,train,hotspot_high_load,ttl_exceeded,0,1,12,-16.332981205140424,0.01064
509,train,frequent_break,no_valid_action,0,1,9,-10.513224507090213,0.010752
510,train,fault_links,delivered,1,0,11,-9.97503725338713,0.010690909090909091
511,train,low_load,delivered,1,0,6,-4.677598911136251,0.010752
512,train,medium_load,delivered,1,0,5,-4.0766131020235745,0.010752
513,train,hotspot_high_load,ttl_exceeded,0,1,12,-16.280485786931514,0.01064
514,train,frequent_break,no_valid_action,0,1,5,-5.510915998523355,0.010752
515,train,fault_links,delivered,1,0,12,-11.829148985122574,0.01064
516,train,low_load,delivered,1,0,5,-3.6408569135175672,0.010752
517,train,medium_load,delivered,1,0,3,-0.9184464354819659,0.010752
518,train,hotspot_high_load,delivered,1,0,6,-4.9872676717922575,0.010752
519,train,frequent_break,no_valid_action,0,1,9,-10.01079390380632,0.010752
520,train,fault_links,ttl_exceeded,0,1,12,-16.357606389213046,0.01064
521,train,low_load,delivered,1,0,8,-6.394013911751532,0.010752
522,train,medium_load,ttl_exceeded,0,1,12,-16.139323060374856,0.01064
523,train,hotspot_high_load,ttl_exceeded,0,1,12,-18.286486432480668,0.01064
524,train,frequent_break,delivered,1,0,10,-8.638444042944041,0.0107296
525,train,fault_links,delivered,1,0,4,-2.5620964669092734,0.010752
526,train,low_load,delivered,1,0,11,-9.981393160567483,0.010690909090909091
527,train,medium_load,ttl_exceeded,0,1,12,-18.450020557936302,0.01064
528,train,hotspot_high_load,ttl_exceeded,0,1,12,-16.496004261941557,0.01064
529,train,frequent_break,delivered,1,0,1,1.3533932041307901,0.010752
530,train,fault_links,delivered,1,0,9,-6.717460191339076,0.010752
531,train,low_load,delivered,1,0,5,-3.7728583572358048,0.010752
532,train,medium_load,delivered,1,0,12,-9.978830739483632,0.01064
533,train,hotspot_high_load,delivered,1,0,9,-7.849964253826961,0.010752
534,train,frequent_break,delivered,1,0,5,-2.826744619900319,0.010752
535,train,fault_links,delivered,1,0,12,-12.483790754048245,0.01064
536,train,low_load,delivered,1,0,12,-11.858291245535082,0.01064
537,train,medium_load,delivered,1,0,2,-0.2354813930421482,0.010752
538,train,hotspot_high_load,ttl_exceeded,0,1,12,-17.626676649431886,0.01064
539,train,frequent_break,ttl_exceeded,0,1,12,-16.994441286870078,0.01064
540,train,fault_links,no_valid_action,0,1,5,-5.838036741212901,0.010752
541,train,low_load,delivered,1,0,6,-4.883963967318298,0.010752
542,train,medium_load,delivered,1,0,6,-5.398476854778807,0.010752
543,train,hotspot_high_load,delivered,1,0,4,-2.0388897223147757,0.010752
544,train,frequent_break,delivered,1,0,11,-10.269260582520433,0.010690909090909091
545,train,fault_links,delivered,1,0,6,-4.734563181980132,0.010752
546,train,low_load,delivered,1,0,10,-10.915504860945944,0.0107296
547,train,medium_load,delivered,1,0,7,-5.931133078211943,0.010752
548,train,hotspot_high_load,ttl_exceeded,0,1,12,-16.420369885608388,0.01064
549,train,frequent_break,no_valid_action,0,1,11,-13.1617970114399,0.010690909090909091
550,train,fault_links,delivered,1,0,2,-0.7840066129994272,0.010752
551,train,low_load,delivered,1,0,12,-11.850422651205347,0.01064
552,train,medium_load,ttl_exceeded,0,1,12,-16.184581193120827,0.01064
553,train,hotspot_high_load,ttl_exceeded,0,1,12,-17.21012665256838,0.01064
554,train,frequent_break,no_valid_action,0,1,4,-5.186532032037141,0.010752
555,train,fault_links,delivered,1,0,2,-0.11111013041890039,0.010752
556,train,low_load,delivered,1,0,1,0.7493207305098519,0.010752
557,train,medium_load,ttl_exceeded,0,1,12,-17.085391259259264,0.01064
558,train,hotspot_high_load,ttl_exceeded,0,1,12,-17.08945341216434,0.01064
559,train,frequent_break,delivered,1,0,3,-1.0340496826997847,0.010752
560,train,fault_links,no_valid_action,0,1,10,-11.660188593153736,0.0107296
561,train,low_load,ttl_exceeded,0,1,12,-16.381831536017238,0.01064
562,train,medium_load,no_valid_action,0,1,10,-11.912060481362067,0.0107296
563,train,hotspot_high_load,delivered,1,0,8,-7.605493921127794,0.010752
564,train,frequent_break,ttl_exceeded,0,1,12,-18.09657998447111,0.01064
565,train,fault_links,delivered,1,0,4,-2.2752621037172815,0.010752
566,train,low_load,delivered,1,0,9,-7.911008897642924,0.010752
567,train,medium_load,ttl_exceeded,0,1,12,-15.655810777938663,0.01064
568,train,hotspot_high_load,ttl_exceeded,0,1,12,-16.720378717624136,0.01064
569,train,frequent_break,no_valid_action,0,1,1,-1.1776540638431852,0.010752
570,train,fault_links,delivered,1,0,3,-0.9176477860156003,0.010752
571,train,low_load,delivered,1,0,8,-6.932539114193601,0.010752
572,train,medium_load,ttl_exceeded,0,1,12,-16.926065865515483,0.01064
573,train,hotspot_high_load,delivered,1,0,5,-4.928531028161899,0.010752
574,train,frequent_break,no_valid_action,0,1,3,-4.761358538980296,0.010752
575,train,fault_links,ttl_exceeded,0,1,12,-17.222474211142146,0.01064
576,train,low_load,no_valid_action,0,1,11,-12.673153918688138,0.010690909090909091
577,train,medium_load,delivered,1,0,8,-7.687340928682231,0.010752
578,train,hotspot_high_load,delivered,1,0,8,-6.597727758101996,0.010752
579,train,frequent_break,no_valid_action,0,1,0,0.0,0.0
580,train,fault_links,delivered,1,0,9,-8.08680057385629,0.010752
581,train,low_load,delivered,1,0,6,-4.6516377939591,0.010752
582,train,medium_load,delivered,1,0,3,-1.3245597048146585,0.010752
583,train,hotspot_high_load,no_valid_action,0,1,10,-11.75743388723487,0.0107296
584,train,frequent_break,no_valid_action,0,1,3,-2.9391950551908383,0.010752
585,train,fault_links,delivered,1,0,3,-0.40999058325862303,0.010752
586,train,low_load,ttl_exceeded,0,1,12,-15.683769499663438,0.01064
587,train,medium_load,delivered,1,0,2,-0.2529593450254519,0.010752
588,train,hotspot_high_load,delivered,1,0,6,-3.885121993292706,0.010752
589,train,frequent_break,ttl_exceeded,0,1,12,-17.27073267652776,0.01064
590,train,fault_links,ttl_exceeded,0,1,12,-15.675955103626439,0.01064
591,train,low_load,ttl_exceeded,0,1,12,-19.23634640479801,0.01064
592,train,medium_load,delivered,1,0,5,-3.159916455881564,0.010752
593,train,hotspot_high_load,ttl_exceeded,0,1,12,-16.42503638134078,0.01064
594,train,frequent_break,delivered,1,0,1,0.565,0.010752
595,train,fault_links,delivered,1,0,6,-4.26220092877092,0.010752
596,train,low_load,delivered,1,0,6,-4.805928895609577,0.010752
597,train,medium_load,delivered,1,0,12,-11.974592331481285,0.01064
598,train,hotspot_high_load,ttl_exceeded,0,1,12,-16.34423861559387,0.01064
599,train,frequent_break,delivered,1,0,2,-0.7840066129994272,0.010752
600,train,fault_links,ttl_exceeded,0,1,12,-17.023855076665715,0.01064
600,eval,low_load,delivered,1,0,3,-1.801707387812665,0.010752
600,eval,medium_load,delivered,1,0,3,-1.801707387812665,0.010752
600,eval,hotspot_high_load,delivered,1,0,1,0.6650760222723293,0.010752
600,eval,frequent_break,delivered,1,0,3,-1.801707387812665,0.010752
600,eval,fault_links,delivered,1,0,3,-1.801707387812665,0.010752
601,train,low_load,ttl_exceeded,0,1,12,-18.6944693540652,0.01064
602,train,medium_load,ttl_exceeded,0,1,12,-18.200485629486646,0.01064
603,train,hotspot_high_load,delivered,1,0,8,-7.013992769196685,0.010752
604,train,frequent_break,no_valid_action,0,1,4,-3.8212182912375248,0.010752
605,train,fault_links,delivered,1,0,1,1.3708711561140938,0.010752
606,train,low_load,delivered,1,0,8,-6.988875963762952,0.010752
607,train,medium_load,ttl_exceeded,0,1,12,-14.773660935103631,0.01064
608,train,hotspot_high_load,delivered,1,0,1,0.6650760222723293,0.010752
609,train,frequent_break,delivered,1,0,6,-3.700999545888614,0.010752
610,train,fault_links,delivered,1,0,3,-2.082655656313187,0.010752
611,train,low_load,ttl_exceeded,0,1,12,-16.95243750901922,0.01064
612,train,medium_load,delivered,1,0,1,1.3533932041307901,0.010752
613,train,hotspot_high_load,delivered,1,0,4,-1.9373385801278726,0.010752
614,train,frequent_break,ttl_exceeded,0,1,12,-17.18700210496003,0.01064
615,train,fault_links,delivered,1,0,6,-6.3856250961070575,0.010752
616,train,low_load,ttl_exceeded,0,1,12,-18.549267668540338,0.01064
617,train,medium_load,delivered,1,0,12,-12.784588209730888,0.01064
618,train,hotspot_high_load,delivered,1,0,11,-10.060686219055297,0.010690909090909091
619,train,frequent_break,delivered,1,0,6,-5.932341612657568,0.010752
620,train,fault_links,delivered,1,0,1,0.6650760222723293,0.010752
621,train,low_load,delivered,1,0,3,-0.33982038760762956,0.010752
622,train,medium_load,delivered,1,0,3,-0.3644464210465921,0.010752
623,train,hotspot_high_load,ttl_exceeded,0,1,12,-16.037768942326124,0.01064
624,train,frequent_break,no_valid_action,0,1,8,-9.554548227600486,0.010752
625,train,fault_links,delivered,1,0,11,-10.87265485290012,0.010690909090909091
626,train,low_load,delivered,1,0,1,0.26864745084375796,0.010752
627,train,medium_load,delivered,1,0,4,-2.0388897223147757,0.010752
628,train,hotspot_high_load,delivered,1,0,8,-6.9173537569635055,0.010752
629,train,frequent_break,no_valid_action,0,1,3,-4.4328548975855435,0.010752
630,train,fault_links,delivered,1,0,9,-8.220857280913272,0.010752
631,train,low_load,ttl_exceeded,0,1,12,-17.970639634272352,0.01064
632,train,medium_load,ttl_exceeded,0,1,12,-16.28586265106205,0.01064
633,train,hotspot_high_load,delivered,1,0,1,1.3300031389137923,0.010752
634,train,frequent_break,no_valid_action,0,1,1,-0.7604308609287525,0.010752
635,train,fault_links,delivered,1,0,10,-8.690198148794748,0.0107296
636,train,low_load,ttl_exceeded,0,1,12,-15.331645646964478,0.01064
637,train,medium_load,delivered,1,0,12,-10.924994443209716,0.01064
638,train,hotspot_high_load,ttl_exceeded,0,1,12,-16.27130305491929,0.01064
639,train,frequent_break,no_valid_action,0,1,9,-10.96252368656833,0.010752
640,train,fault_links,delivered,1,0,2,-0.016977645263298813,0.010752
641,train,low_load,ttl_exceeded,0,1,12,-18.259354580195676,0.01064
642,train,medium_load,delivered,1,0,3,-0.9906729916625632,0.010752
643,train,hotspot_high_load,delivered,1,0,7,-5.328075998194365,0.010752
644,train,frequent_break,no_valid_action,0,1,10,-9.969376175580802,0.0107296
645,train,fault_links,ttl_exceeded,0,1,12,-17.59178741631943,0.01064
646,train,low_load,ttl_exceeded,0,1,12,-17.152109072029095,0.01064
647,train,medium_load,delivered,1,0,11,-11.320644065510843,0.010690909090909091
648,train,hotspot_high_load,delivered,1,0,5,-2.7416377939591006,0.010752
649,train,frequent_break,no_valid_action,0,1,1,-1.785,0.010752
650,train,fault_links,no_valid_action,0,1,7,-8.006351235059316,0.010752
651,train,low_load,delivered,1,0,3,-0.9642043078279932,0.010752
652,train,medium_load,delivered,1,0,4,-2.485863800085151,0.010752
653,train,hotspot_high_load,delivered,1,0,8,-7.978907024387246,0.010752
654,train,frequent_break,ttl_exceeded,0,1,12,-18.29591500555628,0.01064
655,train,fault_links,delivered,1,0,11,-9.90452935671549,0.010690909090909091
656,train,low_load,delivered,1,0,8,-7.6410709669424275,0.010752
657,train,medium_load,delivered,1,0,10,-10.0166209811889,0.0107296
658,train,hotspot_high_load,delivered,1,0,9,-7.908723922397664,0.010752
659,train,frequent_break,delivered,1,0,1,1.3533932041307901,0.010752
660,train,fault_links,ttl_exceeded,0,1,12,-18.79590456796842,0.01064
661,train,low_load,delivered,1,0,10,-10.525482844327575,0.0107296
662,train,medium_load,delivered,1,0,7,-6.908442516618615,0.010752
663,train,hotspot_high_load,delivered,1,0,5,-2.7750586628449874,0.010752
664,train,frequent_break,delivered,1,0,7,-6.529362463712632,0.010752
665,train,fault_links,delivered,1,0,1,0.4396304090461711,0.010752
666,train,low_load,delivered,1,0,8,-6.932798976602152,0.010752
667,train,medium_load,delivered,1,0,2,-0.7549299675517245,0.010752
668,train,hotspot_high_load,delivered,1,0,11,-10.257313880945276,0.010690909090909091
669,train,frequent_break,delivered,1,0,4,-2.700610269954845,0.010752
670,train,fault_links,delivered,1,0,3,-1.6544229326781608,0.010752
671,train,low_load,ttl_exceeded,0,1,12,-17.728928622156246,0.01064
672,train,medium_load,delivered,1,0,7,-7.166262007919609,0.010752
673,train,hotspot_high_load,ttl_exceeded,0,1,12,-16.127551744872136,0.01064
674,train,frequent_break,delivered,1,0,1,1.3912391246509694,0.010752
675,train,fault_links,delivered,1,0,2,-0.195354838656423,0.010752
676,train,low_load,delivered,1,0,2,-0.047650924929392824,0.010752
677,train,medium_load,ttl_exceeded,0,1,12,-17.511738751386293,0.01064
678,train,hotspot_high_load,delivered,1,0,11,-9.825912604971995,0.010690909090909091
679,train,frequent_break,delivered,1,0,5,-3.80012569053674,0.010752
680,train,fault_links,delivered,1,0,8,-6.557139261037839,0.010752
681,train,low_load,no_valid_action,0,1,7,-9.628156611352921,0.010752
682,train,medium_load,delivered,1,0,5,-2.9131943157714923,0.010752
683,train,hotspot_high_load,delivered,1,0,10,-9.039192953835817,0.0107296
684,train,frequent_break,no_valid_action,0,1,5,-6.509204307827993,0.010752
685,train,fault_links,delivered,1,0,5,-3.4773981928687507,0.010752
686,train,low_load,delivered,1,0,7,-6.2469965575606246,0.010752
687,train,medium_load,delivered,1,0,11,-10.408970814462219,0.010690909090909091
688,train,hotspot_high_load,ttl_exceeded,0,1,12,-16.777427287935335,0.01064
689,train,frequent_break,delivered,1,0,7,-6.1950630601990415,0.010752
690,train,fault_links,ttl_exceeded,0,1,12,-14.93023895413246,0.01064
691,train,low_load,ttl_exceeded,0,1,12,-16.858850655110324,0.01064
692,train,medium_load,no_valid_action,0,1,10,-12.732011886739114,0.0107296
693,train,hotspot_high_load,delivered,1,0,2,-0.2354813930421482,0.010752
694,train,frequent_break,delivered,1,0,3,-1.8461101304189,0.010752
695,train,fault_links,delivered,1,0,1,1.3533932041307901,0.010752
696,train,low_load,delivered,1,0,3,-1.672965334849506,0.010752
697,train,medium_load,delivered,1,0,9,-9.717586837016787,0.010752
698,train,hotspot_high_load,delivered,1,0,3,-1.4949479862068578,0.010752
699,train,frequent_break,no_valid_action,0,1,9,-10.655452796743043,0.010752
700,train,fault_links,ttl_exceeded,0,1,12,-17.20731310543374,0.01064
700,eval,low_load,delivered,1,0,3,-1.3432576877718123,0.010752
700,eval,medium_load,delivered,1,0,3,-1.3432576877718123,0.010752
700,eval,hotspot_high_load,delivered,1,0,1,0.565,0.010752
700,eval,frequent_break,delivered,1,0,3,-1.3432576877718123,0.010752
700,eval,fault_links,delivered,1,0,7,-4.82481095335104,0.010752
701,train,low_load,ttl_exceeded,0,1,12,-17.040006461298507,0.01064
702,train,medium_load,ttl_exceeded,0,1,12,-16.851530624751067,0.01064
703,train,hotspot_high_load,delivered,1,0,5,-4.120589292624823,0.010752
704,train,frequent_break,delivered,1,0,8,-7.913487991434121,0.010752
705,train,fault_links,delivered,1,0,9,-8.685220462622345,0.010752
706,train,low_load,delivered,1,0,11,-10.500686665311244,0.010690909090909091
707,train,medium_load,ttl_exceeded,0,1,12,-17.085938124020014,0.01064
708,train,hotspot_high_load,delivered,1,0,1,1.3708711561140938,0.010752
709,train,frequent_break,delivered,1,0,10,-9.926870960729659,0.0107296
710,train,fault_links,ttl_exceeded,0,1,12,-16.88746901130953,0.01064
711,train,low_load,delivered,1,0,1,1.3300031389137923,0.010752
712,train,medium_load,delivered,1,0,5,-2.802600503606252,0.010752
713,train,hotspot_high_load,delivered,1,0,10,-10.530775526281126,0.0107296
714,train,frequent_break,delivered,1,0,7,-5.60586085800852,0.010752
715,train,fault_links,delivered,1,0,1,0.565,0.010752
716,train,low_load,delivered,1,0,2,-0.18153077359688052,0.010752
717,train,medium_load,delivered,1,0,5,-3.368955899266597,0.010752
718,train,hotspot_high_load,delivered,1,0,2,-0.2354813930421482,0.010752
719,train,frequent_break,delivered,1,0,5,-4.044201168914201,0.010752
720,train,fault_links,delivered,1,0,7,-6.895139082471369,0.010752
721,train,low_load,delivered,1,0,11,-10.699257315715338,0.010690909090909091
722,train,medium_load,ttl_exceeded,0,1,12,-15.070360756870544,0.01064
723,train,hotspot_high_load,ttl_exceeded,0,1,12,-16.67934464156132,0.01064
724,train,frequent_break,no_valid_action,0,1,1,-0.7604308609287525,0.010752
725,train,fault_links,delivered,1,0,7,-6.446225677059674,0.010752
726,train,low_load,ttl_exceeded,0,1,12,-16.17396487929014,0.01064
727,train,medium_load,delivered,1,0,5,-4.519728952189933,0.010752
728,train,hotspot_high_load,delivered,1,0,10,-8.22182812684916,0.0107296
729,train,frequent_break,delivered,1,0,1,1.3251132837680664,0.010752
730,train,fault_links,ttl_exceeded,0,1,12,-16.970029410711717,0.01064
731,train,low_load,delivered,1,0,8,-7.006940096003673,0.010752
732,train,medium_load,ttl_exceeded,0,1,12,-17.211366970895565,0.01064
733,train,hotspot_high_load,no_valid_action,0,1,11,-11.945354458499374,0.010690909090909091
734,train,frequent_break,no_valid_action,0,1,8,-10.759253397299357,0.010752
735,train,fault_links,ttl_exceeded,0,1,12,-15.648484813704304,0.01064
736,train,low_load,ttl_exceeded,0,1,12,-17.843620413825533,0.01064
737,train,medium_load,ttl_exceeded,0,1,12,-15.907267453865797,0.01064
738,train,hotspot_high_load,delivered,1,0,1,0.565,0.010752
739,train,frequent_break,no_valid_action,0,1,7,-8.803991207900422,0.010752
740,train,fault_links,delivered,1,0,8,-7.609285358355384,0.010752
741,train,low_load,delivered,1,0,3,-1.731497909455196,0.010752
742,train,medium_load,no_valid_action,0,1,11,-13.694434488261367,0.010690909090909091
743,train,hotspot_high_load,delivered,1,0,7,-6.75372468749475,0.010752
744,train,frequent_break,no_valid_action,0,1,1,-1.2776540638431853,0.010752
745,train,fault_links,delivered,1,0,9,-8.010541358696088,0.010752
746,train,low_load,ttl_exceeded,0,1,12,-16.246541583320848,0.01064
747,train,medium_load,ttl_exceeded,0,1,12,-17.654939128481395,0.01064
748,train,hotspot_high_load,delivered,1,0,8,-7.02549599935544,0.010752
749,train,frequent_break,ttl_exceeded,0,1,12,-16.842699665291835,0.01064
750,train,fault_links,ttl_exceeded,0,1,12,-17.62292637356517,0.01064
751,train,low_load,no_valid_action,0,1,11,-12.635709945669428,0.010690909090909091
752,train,medium_load,ttl_exceeded,0,1,12,-16.41678608257049,0.01064
753,train,hotspot_high_load,delivered,1,0,9,-8.05704510517439,0.010752
754,train,frequent_break,ttl_exceeded,0,1,12,-17.292332263874904,0.01064
755,train,fault_links,delivered,1,0,8,-8.194247781006741,0.010752
756,train,low_load,delivered,1,0,1,1.3708711561140938,0.010752
757,train,medium_load,ttl_exceeded,0,1,12,-18.368856600356153,0.01064
758,train,hotspot_high_load,ttl_exceeded,0,1,12,-17.101494744459494,0.01064
759,train,frequent_break,delivered,1,0,5,-4.0205132703524935,0.010752
760,train,fault_links,delivered,1,0,9,-7.9480490000507675,0.010752
761,train,low_load,delivered,1,0,7,-4.529594000070759,0.010752
762,train,medium_load,delivered,1,0,8,-6.156515061512707,0.010752
763,train,hotspot_high_load,delivered,1,0,10,-8.341719750991158,0.0107296
764,train,frequent_break,no_valid_action,0,1,2,-2.3206761305763557,0.010752
765,train,fault_links,no_valid_action,0,1,10,-11.211104191082637,0.0107296
766,train,low_load,ttl_exceeded,0,1,12,-15.590494736340473,0.01064
767,train,medium_load,ttl_exceeded,0,1,12,-15.331132658334747,0.01064
768,train,hotspot_high_load,ttl_exceeded,0,1,12,-16.891705946379876,0.01064
769,train,frequent_break,delivered,1,0,6,-4.553848605322585,0.010752
770,train,fault_links,delivered,1,0,10,-9.67518447973788,0.0107296
771,train,low_load,delivered,1,0,7,-6.611266142532476,0.010752
772,train,medium_load,delivered,1,0,5,-3.504584426697135,0.010752
773,train,hotspot_high_load,no_valid_action,0,1,7,-8.025310358921356,0.010752
774,train,frequent_break,no_valid_action,0,1,3,-2.6585343078128982,0.010752
775,train,fault_links,delivered,1,0,5,-4.009077251086365,0.010752
776,train,low_load,ttl_exceeded,0,1,12,-15.977519763130273,0.01064
777,train,medium_load,delivered,1,0,1,1.3533932041307901,0.010752
778,train,hotspot_high_load,delivered,1,0,10,-11.325048028785218,0.0107296
779,train,frequent_break,delivered,1,0,8,-7.394584233404601,0.010752
780,train,fault_links,delivered,1,0,9,-8.11819648071642,0.010752
781,train,low_load,delivered,1,0,10,-9.477238412722645,0.0107296
782,train,medium_load,ttl_exceeded,0,1,12,-15.46290967160179,0.01064
783,train,hotspot_high_load,ttl_exceeded,0,1,12,-16.492311737223556,0.01064
784,train,frequent_break,no_valid_action,0,1,9,-9.952975997475697,0.010752
785,train,fault_links,delivered,1,0,7,-7.008200973768614,0.010752
786,train,low_load,ttl_exceeded,0,1,12,-16.298580851963834,0.01064
787,train,medium_load,delivered,1,0,8,-8.064550886241353,0.010752
788,train,hotspot_high_load,delivered,1,0,6,-5.438181107169241,0.010752
789,train,frequent_break,no_valid_action,0,1,4,-4.250431001665959,0.010752
790,train,fault_links,ttl_exceeded,0,1,12,-17.963387062951927,0.01064
791,train,low_load,no_valid_action,0,1,11,-11.95754575504808,0.010690909090909091
792,train,medium_load,delivered,1,0,8,-6.528828554521438,0.010752
793,train,hotspot_high_load,delivered,1,0,6,-4.141056514082013,0.010752
794,train,frequent_break,no_valid_action,0,1,4,-4.5630732344321805,0.010752
795,train,fault_links,delivered,1,0,2,-0.11111013041890039,0.010752
796,train,low_load,ttl_exceeded,0,1,12,-16.64076718332801,0.01064
797,train,medium_load,delivered,1,0,1,0.8223459361568148,0.010752
798,train,hotspot_high_load,ttl_exceeded,0,1,12,-15.391265879304159,0.01064
799,train,frequent_break,delivered,1,0,8,-8.520568684959862,0.010752
800,train,fault_links,ttl_exceeded,0,1,12,-16.458999956115967,0.01064
800,eval,low_load,delivered,1,0,1,0.21500000000000008,0.010752
800,eval,medium_load,delivered,1,0,5,-3.6479380085857294,0.010752
800,eval,hotspot_high_load,delivered,1,0,5,-3.6479380085857294,0.010752
800,eval,frequent_break,no_valid_action,0,1,2,-2.6598867162319335,0.010752
800,eval,fault_links,delivered,1,0,5,-3.6479380085857294,0.010752
